id	slug	category	difficulty	question
m001	early-warning-scores	nursing	intermediate	Why does a composite score built from simple bedside observations detect deterioration earlier than any single observation?
m002	handover-and-escalation	nursing	core	Why is clinical handover given in a structured format, and why are escalation criteria written as thresholds rather than left to judgement?
m003	medicines-administration-system	nursing	intermediate	Why is safe medicines administration described as a system rather than a matter of individual carefulness, and where is that system weakest?
m004	dressings-and-pressure-damage	nursing	intermediate	What is a dressing actually doing, and why is pressure damage a time-and-pressure problem rather than a cleanliness problem?
m005	fluid-balance-charting	nursing	advanced	What does a fluid balance chart actually measure, what does it miss, and how does it connect to the circulation?
m011	the-undifferentiated-presentation	general-practice	advanced	Why does an identical finding mean something different in general practice than in a hospital clinic, and how does prevalence change what it is worth?
m012	red-flags-and-safety-netting	general-practice	advanced	What is safety-netting actually for, and what separates a safety-net that works from reassurance that only sounds like one?
m013	screening-and-its-harms	general-practice	advanced	Why is a screening programme not simply more testing, and what do lead-time bias, length bias and overdiagnosis each do to its apparent benefit?
m014	polypharmacy-and-deprescribing	general-practice	advanced	Why is the number of medicines a risk factor in its own right, and what makes a decision to stop different in kind from a decision to start?
m015	continuity-of-care	general-practice	intermediate	What does continuity of care actually buy, and why is it a clinical intervention rather than a courtesy?
m031	primary-survey-ordering	emergency	intermediate	Why is the primary survey ordered airway, breathing, circulation, and what is that ordering actually sorting on?
m032	why-protocols-exist	emergency	intermediate	Why are time-critical decisions written down as protocols instead of left to individual clinical judgement?
m033	what-triage-optimises	emergency	advanced	What is a triage system optimising, and why is the sickest patient not first in a mass-casualty setting?
m034	compensation-and-the-sick-patient	emergency	advanced	Why is a patient holding normal observations by compensating closer to collapse than one with abnormal but stable numbers?
m035	first-aid-for-untrained-bystanders	emergency	intermediate	Why is first-aid guidance for untrained bystanders different in kind from clinical guidance, rather than just simpler?
m021	two-mechanisms-type-1-type-2	endocrinology	intermediate	Type 1 and type 2 diabetes are diagnosed by the same measurement. Why are they different diseases?
m022	insulin-as-a-control-problem	endocrinology	advanced	Why is replacing insulin with injections intrinsically hard, and what do basal and bolus each do?
m023	glycation-marker-and-continuous-monitoring	endocrinology	intermediate	What does glycated haemoglobin measure that a spot glucose cannot, and where does it mislead?
m024	why-the-complications-differ	endocrinology	advanced	Why do the microvascular and macrovascular complications of diabetes differ in mechanism and time course?
m025	ketoacidosis-and-the-hyperosmolar-state	endocrinology	advanced	Why do diabetic ketoacidosis and the hyperosmolar hyperglycaemic state present so differently?
